T22_mock vs T22_WNV	T22_mock vs T26_mock	T22_mock vs T26_WNV	T22_mock vs T30_mock	T22_mock vs T30_WNV	T22_WNV vs T26_mock	T22_WNV vs T26_WNV	T22_WNV vs T30_mock	T22_WNV vs T30_WNV	T26_mock vs T26_WNV	T26_mock vs T30_mock	T26_mock vs T30_WNV	T26_WNV vs T30_mock	T26_WNV vs T30_WNV	T30_mock vs T30_WNV
MT-nbis-gene-3	NA	NA	NA	NA	NA	1.47799978647402	1.18924731082976	NA	NA	NA	NA	NA	NA	NA	NA
MT-nbisL1-trna-16	NA	NA	NA	NA	NA	NA	NA	NA	NA	NA	NA	NA	-1.01517727171097	NA	NA
MT-nbisL1-trna-17	NA	NA	NA	NA	NA	NA	NA	NA	NA	NA	-1.26556049654357	NA	-1.18003066797107	NA	NA
MT-nbisL1-trna-3	NA	NA	-2.06024262654248	NA	NA	NA	NA	NA	NA	NA	NA	NA	1.73235539919676	1.99308318598307	NA
MT-nbisL1-trna-6	-0.986959840596542	NA	NA	NA	NA	NA	1.06925932853239	NA	NA	NA	NA	NA	NA	NA	NA
MT-nbisL1-trna-7	NA	NA	NA	NA	NA	1.50771466693533	NA	NA	NA	NA	NA	NA	NA	NA	NA
MT-nbisL1-trna-9	NA	NA	NA	NA	NA	NA	NA	NA	NA	NA	-5.91888038537907	NA	NA	NA	NA
gene10005	NA	NA	NA	NA	NA	NA	NA	NA	NA	NA	-3.38439197888007	NA	-4.06441516847775	NA	NA
gene10054	NA	NA	NA	NA	NA	NA	NA	NA	NA	NA	NA	NA	3.30390194299086	NA	NA
gene10093	NA	NA	NA	7.12735381626664	NA	NA	NA	NA	NA	NA	7.6595023128247	NA	NA	NA	NA
gene10132	NA	NA	NA	NA	NA	3.2533611129896	3.32460221941251	2.04624371474504	NA	NA	NA	-2.02290545126635	NA	NA	NA
gene10137	NA	NA	NA	NA	NA	NA	NA	NA	NA	NA	-1.30367695051668	NA	-1.77486736478968	NA	NA
gene10162	NA	NA	NA	NA	NA	3.03000497352955	4.14932921837868	NA	NA	NA	-2.17760459231025	NA	-3.29692883715939	NA	NA
gene10172	NA	NA	NA	NA	NA	NA	NA	NA	NA	NA	-2.99833701185563	-2.33445426713162	NA	NA	NA
gene10202	NA	NA	NA	NA	NA	-3.09500476598446	NA	NA	NA	NA	NA	NA	NA	NA	NA
gene10227	NA	NA	NA	NA	NA	NA	NA	NA	NA	NA	NA	-1.1463425335728	NA	NA	NA
gene10250	NA	NA	NA	NA	NA	NA	NA	NA	NA	NA	-1.74253964487683	-1.65746252621211	NA	NA	NA
gene10260	NA	NA	3.13651254947253	NA	NA	NA	2.66530058836733	NA	NA	NA	NA	NA	-2.49232644447156	-2.42300596210332	NA
gene103	NA	NA	NA	0.873882170140785	NA	NA	NA	1.22750286746561	1.01203293543842	NA	NA	NA	NA	NA	NA
gene10305	-1.85134614059426	NA	NA	-1.94761690562381	-2.56862387655339	NA	NA	NA	NA	NA	NA	-1.76315257328267	NA	NA	NA
gene10345	NA	NA	NA	3.46468301912776	NA	NA	NA	NA	NA	NA	4.07045764715203	NA	4.49751363920456	NA	NA
gene10405	NA	NA	NA	-2.01012918752981	NA	NA	NA	-1.94417079607821	NA	NA	-2.30167655307863	NA	-2.33059349477818	NA	NA
gene10420	NA	NA	NA	NA	NA	NA	NA	NA	NA	NA	-2.31123015816541	-1.50480918657963	-2.06665639415299	NA	NA
gene10425	NA	NA	NA	-5.88140204206371	NA	NA	NA	NA	NA	NA	NA	NA	NA	NA	NA
gene10475	NA	NA	NA	-3.59537488030114	-4.37290804763633	NA	NA	NA	NA	NA	NA	NA	NA	NA	NA
gene10476	NA	NA	NA	NA	-4.58682702739107	NA	NA	NA	NA	NA	NA	NA	NA	NA	NA
gene1054	5.10362344565272	NA	NA	3.99629288756973	4.96345018527409	NA	NA	NA	NA	NA	NA	NA	NA	NA	NA
gene10551	NA	NA	NA	5.09066355021191	NA	NA	NA	NA	NA	NA	NA	NA	NA	NA	NA
gene10555	NA	NA	NA	NA	NA	NA	NA	-2.68068425494166	NA	NA	-2.2387907051223	NA	-2.98296382864335	NA	NA
gene10568	NA	-6.59076594518976	NA	NA	NA	NA	NA	NA	NA	NA	NA	NA	NA	NA	NA
gene10578	NA	NA	NA	NA	NA	-5.06307492583599	-4.68423821376988	NA	NA	NA	NA	NA	NA	NA	NA
gene10616	NA	NA	NA	NA	NA	NA	NA	-2.66609938019492	NA	NA	-2.28083012982676	-1.84784776688967	-2.2937189662535	NA	NA
gene10631	NA	NA	NA	NA	NA	NA	NA	NA	NA	NA	-3.97617735256172	NA	-3.95840465103066	NA	NA
gene10705	NA	NA	NA	NA	-2.37670795228889	NA	NA	NA	NA	NA	NA	-2.51989884861568	NA	NA	NA
gene1072	2.09290571177269	NA	NA	NA	NA	-2.25976803100989	NA	NA	NA	NA	NA	NA	NA	NA	NA
gene1073	2.49020414698579	NA	NA	1.78394549172251	NA	-2.32460388717568	-2.38996357844008	NA	NA	NA	1.6183452319124	NA	1.68370492317681	NA	NA
gene10759	NA	NA	NA	-2.25492156987467	NA	NA	NA	NA	NA	NA	NA	NA	NA	NA	NA
gene108	NA	NA	1.80941332112022	NA	NA	NA	NA	NA	NA	NA	NA	NA	NA	NA	NA
gene10852	NA	NA	-5.43968049291112	NA	NA	NA	-5.43642828113495	NA	NA	NA	NA	NA	NA	4.3376212855351	NA
gene10885	NA	NA	NA	-1.43059516538482	-1.2664415767827	NA	NA	NA	NA	NA	NA	NA	NA	NA	NA
gene10886	-2.90761958011073	NA	NA	-3.12108340251377	-3.61688384964773	NA	NA	NA	NA	NA	NA	NA	NA	NA	NA
gene10918	NA	NA	NA	-3.15998612253632	NA	NA	NA	-3.23749811551372	NA	NA	-3.1425860782346	-1.86431771597669	-2.47508487904707	NA	NA
gene10919	NA	NA	NA	-3.17209221238805	NA	NA	NA	NA	NA	NA	NA	NA	NA	NA	NA
gene10920	NA	NA	NA	-3.86574183132379	NA	NA	NA	NA	NA	NA	NA	NA	NA	NA	NA
gene10924	NA	NA	NA	NA	NA	NA	NA	NA	NA	NA	-4.07047344065851	NA	NA	NA	NA
gene10927	NA	-1.80860553423382	NA	NA	NA	-2.57291341928159	NA	NA	NA	NA	2.47116262909463	2.25492315807969	1.66953957143071	NA	NA
gene10963	NA	NA	NA	NA	NA	NA	NA	NA	NA	NA	NA	NA	-2.99030568600639	NA	NA
gene10984	NA	NA	NA	2.14052139189514	NA	NA	NA	2.61043140590537	NA	NA	NA	NA	NA	NA	NA
gene10992	NA	-2.16496687145011	-2.08420028647945	-1.62625772159899	-1.8451303661475	NA	NA	NA	NA	NA	NA	NA	NA	NA	NA
gene10996	NA	NA	NA	NA	NA	NA	NA	-2.23684727780848	NA	NA	-2.69754447908786	NA	-5.18397633617314	-4.5287927871968	NA
gene11009	NA	NA	NA	NA	NA	NA	NA	NA	NA	NA	-2.98807021585331	-2.82171619217277	NA	NA	NA
gene11026	NA	NA	NA	-2.29548213676038	NA	NA	NA	-3.53211781957893	NA	NA	-2.54312063450125	NA	NA	NA	NA
gene11043	NA	NA	NA	-4.26094252720927	NA	NA	NA	NA	NA	NA	NA	NA	NA	NA	NA
gene11079	NA	NA	NA	NA	NA	NA	NA	NA	NA	NA	-4.37931197193478	NA	NA	NA	NA
gene11087	NA	NA	NA	3.39305548660255	NA	NA	-4.19243026738801	NA	NA	NA	NA	NA	4.4267899999101	NA	NA
gene11100	NA	NA	NA	NA	NA	NA	NA	NA	NA	NA	NA	NA	-2.28579392672937	NA	NA
gene11121	NA	NA	NA	NA	NA	NA	NA	NA	NA	NA	-5.67046120054716	NA	NA	NA	NA
gene11142	NA	NA	NA	NA	NA	NA	NA	3.52994204641268	NA	NA	NA	NA	NA	NA	NA
gene11164	NA	NA	NA	NA	NA	NA	NA	NA	NA	NA	NA	NA	3.30915296680699	NA	NA
gene11240	3.77434557898256	NA	NA	4.45666821819968	2.41537484419798	-2.80915842977622	-2.56493746814014	NA	NA	NA	3.49148106899334	NA	3.24726010735726	NA	NA
gene11319	NA	4.81467532007671	NA	NA	NA	NA	NA	NA	NA	NA	-5.33744456137123	NA	NA	NA	NA
gene11373	-2.21393668063936	NA	NA	-1.93698484485906	NA	NA	NA	NA	NA	NA	NA	NA	NA	NA	NA
gene11387	NA	NA	NA	NA	NA	2.95239354834713	NA	NA	NA	NA	-2.74772700623515	NA	NA	NA	NA
gene11403	NA	NA	5.30050196174788	NA	NA	NA	5.44104581854094	NA	NA	NA	NA	NA	-4.17174391289851	NA	NA
gene11481	NA	NA	-4.38141522658642	NA	NA	NA	NA	NA	NA	NA	NA	NA	NA	NA	NA
gene11534	NA	NA	NA	-2.5463100191362	NA	NA	NA	-2.39355003696265	NA	NA	-3.10021006401182	NA	-2.5814398240029	NA	NA
gene11546	NA	NA	NA	NA	NA	NA	NA	NA	NA	NA	-2.46042274500384	NA	NA	NA	NA
gene1158	NA	NA	-3.36091439320707	NA	-2.56673707005242	NA	NA	NA	NA	NA	NA	NA	NA	NA	NA
gene11641	NA	NA	NA	NA	NA	NA	NA	-2.46073250855652	NA	NA	-3.83973997543348	-2.8810450249504	-4.10493975471993	-3.14624480423685	NA
gene11651	NA	NA	NA	NA	NA	NA	NA	NA	NA	NA	NA	NA	-3.66444839129748	NA	NA
gene11674	3.4297578713538	NA	NA	2.69072166106186	NA	NA	NA	NA	NA	NA	NA	NA	NA	NA	NA
gene11676	NA	NA	NA	NA	NA	NA	NA	-1.42521476040783	NA	NA	NA	NA	NA	NA	NA
gene11734	NA	NA	NA	NA	NA	NA	NA	NA	NA	NA	NA	NA	-2.83984850346675	NA	NA
gene11775	NA	NA	NA	2.00656406248492	NA	NA	NA	NA	NA	NA	NA	NA	NA	NA	NA
gene1184	1.83961175767001	NA	NA	1.90857571674913	NA	NA	NA	NA	NA	NA	NA	NA	NA	NA	NA
gene11845	NA	NA	NA	NA	NA	3.52961190390897	NA	NA	NA	NA	NA	NA	NA	NA	NA
gene11854	NA	NA	NA	NA	NA	5.98793790374174	NA	NA	NA	NA	-4.81237086974211	NA	NA	NA	NA
gene11881	NA	NA	NA	NA	NA	NA	NA	-2.98258511737052	NA	NA	NA	NA	NA	NA	NA
gene11899	NA	NA	NA	NA	NA	3.03625424793983	NA	NA	NA	NA	-2.12731481869801	-2.55637521402748	NA	NA	NA
gene12020	NA	NA	NA	NA	NA	NA	NA	NA	NA	NA	4.37112283780747	NA	NA	NA	NA
gene12107	NA	NA	NA	NA	NA	NA	NA	2.82681848574228	NA	NA	NA	NA	NA	NA	NA
gene12123	2.66694231280977	NA	NA	NA	NA	NA	NA	NA	NA	NA	NA	NA	NA	NA	NA
gene12143	NA	NA	NA	NA	NA	NA	NA	-2.09059201262698	NA	NA	NA	NA	NA	NA	NA
gene12174	NA	NA	NA	NA	NA	NA	NA	NA	NA	NA	NA	NA	2.14791852232163	NA	NA
gene12179	NA	NA	NA	6.69577033560181	NA	NA	NA	NA	NA	NA	5.66212471131458	NA	NA	NA	NA
gene12180	NA	NA	NA	NA	NA	NA	NA	-2.00434453262409	NA	NA	NA	NA	NA	NA	NA
gene12196	NA	NA	NA	-2.30267049808034	-2.91837361160256	NA	NA	NA	NA	NA	NA	NA	NA	NA	NA
gene12200	NA	NA	NA	NA	NA	NA	NA	NA	NA	NA	7.52121527893419	NA	NA	NA	NA
gene12372	NA	NA	NA	NA	NA	NA	NA	NA	NA	NA	1.71654046181847	NA	NA	NA	NA
gene12377	NA	NA	NA	2.92472134942143	NA	NA	NA	NA	NA	NA	NA	NA	NA	NA	NA
gene12380	-2.72672590428805	NA	NA	-2.9014817249846	-2.40123250929165	NA	NA	NA	NA	NA	NA	NA	NA	NA	NA
gene12381	-1.79502654753063	NA	NA	NA	NA	NA	NA	NA	NA	NA	NA	NA	NA	NA	NA
gene12386	NA	NA	NA	-2.76001803590195	NA	NA	NA	NA	NA	NA	NA	NA	NA	NA	NA
gene12433	NA	NA	NA	NA	NA	NA	-5.13158341776206	NA	NA	NA	NA	NA	NA	NA	NA
gene12440	NA	NA	NA	NA	2.36545626773528	NA	NA	NA	NA	NA	NA	NA	NA	NA	NA
gene12446	NA	NA	NA	NA	NA	NA	NA	NA	NA	NA	8.12519447372183	NA	NA	NA	NA
gene12470	NA	NA	NA	-2.30671722730745	NA	NA	NA	NA	NA	NA	-2.34737181714087	-1.65104734713021	NA	NA	NA
gene12526	NA	NA	NA	NA	NA	NA	NA	NA	NA	NA	-3.26153596471935	NA	NA	NA	NA
gene12538	NA	NA	-2.48799252206916	NA	NA	NA	-2.47034988956887	NA	NA	NA	NA	NA	NA	NA	NA
gene12664	NA	NA	NA	NA	NA	NA	NA	NA	NA	NA	4.99869744103126	NA	4.08541968084603	NA	NA
gene12665	4.89790081790702	NA	NA	3.65690617855072	2.47490118135527	-4.86360475302673	-5.22860600441076	NA	NA	NA	3.62261011367043	NA	3.98761136505446	2.80560636785902	NA
gene12674	NA	NA	NA	NA	NA	NA	NA	-2.1960633535211	NA	NA	NA	NA	-2.2614629782313	NA	NA
gene12688	NA	NA	NA	NA	NA	NA	NA	NA	NA	NA	NA	-2.97012206182763	NA	NA	NA
gene12741	NA	NA	NA	NA	NA	5.96762170115344	NA	NA	NA	NA	NA	NA	NA	NA	NA
gene12771	NA	NA	-3.3876478626792	-4.84660417269944	-4.92653199706624	NA	NA	-3.07738148220936	-3.15730930657616	NA	-2.48636484071268	-2.56629266507949	NA	NA	NA
gene12775	NA	NA	NA	NA	NA	NA	NA	NA	NA	NA	NA	NA	-1.81254728925677	NA	NA
gene12814	NA	NA	NA	NA	NA	NA	NA	NA	NA	NA	5.95159805193175	NA	NA	NA	NA
gene12818	NA	NA	NA	-2.6250136233937	-1.81333505416131	NA	NA	-3.05058460067499	-2.2389060314426	NA	-2.76710000737637	-1.95542143814399	-2.19850006439049	NA	NA
gene12834	NA	NA	NA	NA	NA	NA	-8.42340019702607	NA	NA	NA	NA	NA	NA	NA	NA
gene12867	NA	NA	NA	NA	NA	NA	NA	NA	NA	NA	4.39382926492858	NA	NA	NA	NA
gene12870	NA	NA	NA	NA	NA	NA	NA	NA	NA	NA	NA	NA	4.0679737040132	NA	NA
gene12963	NA	NA	NA	-3.78805000928363	NA	NA	NA	NA	NA	NA	NA	NA	NA	NA	NA
gene12971	NA	NA	NA	-2.75953907314858	NA	NA	NA	-2.30661559452854	NA	NA	NA	NA	-2.31824013538255	NA	NA
gene12973	NA	NA	NA	NA	3.10423512118068	NA	NA	NA	NA	NA	NA	NA	NA	NA	NA
gene13047	NA	NA	NA	NA	NA	-7.31729230762799	NA	NA	NA	NA	NA	NA	NA	NA	NA
gene13059	NA	NA	NA	-2.90480371827018	NA	NA	NA	-4.08032261616959	NA	NA	-3.33126649059387	NA	-3.3837589264428	NA	NA
gene1306	NA	NA	NA	2.47213372578935	NA	NA	NA	NA	NA	NA	NA	NA	NA	NA	NA
gene13079	NA	NA	NA	7.40813813341984	NA	NA	NA	NA	NA	NA	NA	NA	NA	NA	NA
gene13133	NA	NA	NA	-3.08898190386439	NA	NA	NA	-3.7891171336519	-2.77095272154841	NA	-2.39572195674059	NA	-2.65337326680873	NA	NA
gene13142	NA	NA	NA	NA	NA	NA	-3.11365914297374	-2.65864386390599	NA	NA	NA	NA	NA	NA	NA
gene13151	NA	NA	NA	-2.23735673069009	NA	NA	NA	NA	NA	NA	-4.00686602304397	-2.62988431043735	-2.69618956640918	NA	NA
gene13153	NA	NA	NA	NA	NA	NA	NA	NA	NA	NA	NA	NA	-5.27832512507196	NA	NA
gene13201	NA	NA	NA	NA	NA	NA	NA	NA	NA	NA	-2.47966612222822	-1.83021916273322	NA	NA	NA
gene13230	NA	NA	NA	NA	2.87884209554262	NA	NA	NA	NA	NA	NA	NA	NA	NA	NA
gene13262	NA	NA	NA	NA	NA	4.80392018533432	5.88139637902578	NA	NA	NA	NA	NA	NA	NA	NA
gene13289	NA	NA	NA	NA	NA	NA	NA	NA	NA	NA	NA	NA	NA	-4.81545641897991	NA
gene13294	NA	NA	NA	NA	NA	NA	NA	NA	NA	NA	2.18159608414782	NA	NA	NA	NA
gene13299	NA	NA	NA	NA	NA	NA	NA	NA	NA	NA	7.59892101582562	NA	NA	NA	NA
gene13307	NA	NA	NA	NA	NA	NA	NA	NA	NA	NA	NA	NA	-1.91184219813986	NA	NA
gene1337	NA	NA	NA	3.42517980636096	NA	NA	NA	NA	NA	NA	3.16364344435387	NA	NA	NA	NA
gene13381	NA	NA	NA	-3.49958237689945	-4.36542016607112	NA	NA	NA	NA	NA	NA	NA	NA	NA	NA
gene13409	NA	NA	NA	5.16754338298055	NA	NA	NA	NA	NA	NA	NA	NA	NA	NA	NA
gene1341	NA	NA	NA	NA	NA	-7.23712725845003	NA	NA	NA	NA	NA	NA	NA	NA	NA
gene13434	NA	NA	NA	NA	NA	3.64053220896768	NA	NA	NA	NA	-3.21205861197881	NA	NA	NA	NA
gene13435	NA	NA	NA	NA	NA	NA	5.05879442264451	NA	NA	NA	NA	NA	NA	NA	NA
gene13444	NA	NA	NA	NA	NA	NA	NA	NA	NA	NA	NA	NA	1.10948963801386	NA	NA
gene13480	NA	NA	NA	NA	-4.34317438779649	NA	NA	NA	NA	NA	NA	NA	NA	NA	NA
gene13523	NA	NA	NA	-2.56343424378827	NA	NA	NA	-3.49826814464737	NA	NA	-4.05857004132659	-2.84485690690237	-4.0616809932555	-2.84796785883128	NA
gene13549	NA	NA	NA	-3.33807510975696	-2.79338345665524	NA	NA	-2.57211443194804	NA	NA	NA	NA	-2.50668280913557	NA	NA
gene13555	NA	NA	NA	NA	NA	NA	NA	NA	NA	NA	-2.71925343617807	NA	NA	NA	NA
gene13561	NA	NA	NA	NA	NA	6.20440471289242	NA	NA	NA	NA	-5.35324013909123	NA	NA	NA	NA
gene13571	NA	NA	NA	NA	NA	NA	NA	NA	NA	NA	NA	-1.9020803609997	NA	NA	NA
gene13601	NA	NA	NA	-0.823695388882723	NA	NA	NA	NA	NA	NA	NA	NA	NA	NA	NA
gene13610	NA	NA	NA	NA	NA	NA	-2.32129212592546	NA	NA	NA	NA	1.73432344684535	1.81721281477991	NA	NA
gene13626	NA	-5.64796231769379	-5.41365791259772	NA	NA	NA	NA	NA	NA	NA	NA	NA	NA	NA	NA
gene13667	NA	NA	NA	NA	NA	NA	3.43590329997944	NA	NA	NA	NA	NA	-3.11858104444575	NA	NA
gene1367	NA	NA	NA	-1.55501654206655	-1.6481150487475	NA	NA	NA	NA	NA	NA	NA	NA	NA	NA
gene1368	2.41052837855629	NA	NA	3.39967725113065	1.95661338204187	NA	NA	NA	NA	NA	2.80981404934975	NA	2.85429694180592	NA	NA
gene13726	2.13552359776318	NA	NA	NA	NA	NA	NA	NA	NA	NA	NA	NA	NA	NA	NA
gene13730	NA	NA	NA	-1.7931074461046	NA	NA	NA	-2.58875917340228	NA	NA	-3.69172197354846	-2.58671317566319	-3.05707416586794	NA	NA
gene13749	NA	NA	NA	2.14224237765424	NA	NA	NA	NA	NA	NA	NA	NA	NA	NA	NA
gene1385	NA	NA	NA	NA	NA	3.42740863093318	NA	NA	NA	NA	NA	NA	NA	NA	NA
gene1388	NA	NA	NA	-3.74537730753746	NA	NA	NA	NA	NA	NA	NA	NA	NA	NA	NA
gene13935	NA	NA	NA	NA	NA	NA	NA	-1.40539860739478	NA	NA	NA	NA	-1.62086755030575	NA	NA
gene1394	NA	NA	NA	-1.67483273769749	NA	NA	NA	NA	NA	NA	-2.14968904990358	NA	NA	NA	NA
gene13991	NA	NA	NA	-2.17439916627227	NA	NA	NA	-2.47026746445014	NA	NA	-3.51158642196862	-2.45048870484918	-3.65197029381376	NA	NA
gene14047	3.08406409706283	NA	NA	2.9438574866465	2.23690351423866	NA	NA	NA	NA	NA	2.28552023311875	NA	NA	NA	NA
gene14075	-2.19558583163751	-2.16916438617221	NA	-2.19798382839197	-1.85075042631749	NA	NA	NA	NA	NA	NA	NA	NA	NA	NA
gene14123	NA	NA	NA	2.73455238757387	2.92124685420868	NA	NA	NA	NA	NA	NA	NA	NA	NA	NA
gene14126	NA	NA	NA	NA	-3.37944867123062	NA	NA	NA	NA	NA	NA	NA	NA	NA	NA
gene14136	NA	NA	NA	NA	NA	NA	NA	-2.79846013036805	NA	NA	-2.58902341964194	-1.88994652667786	-2.17850136310599	NA	NA
gene14143	NA	NA	NA	-2.1022247198843	NA	NA	NA	NA	NA	NA	-2.44006297699327	NA	NA	NA	NA
gene14165	NA	NA	1.85842143292528	NA	NA	NA	NA	NA	NA	NA	NA	NA	NA	NA	NA
gene14180	NA	NA	NA	1.80400897813719	NA	NA	NA	1.94952853878461	NA	NA	1.48982297947081	NA	1.36746626449471	NA	NA
gene14204	NA	NA	-2.4541703380085	-2.22278020697741	-2.37272650794039	NA	NA	NA	NA	NA	NA	NA	NA	NA	NA
gene14224	NA	NA	NA	3.20528100483169	NA	NA	NA	NA	NA	NA	NA	NA	NA	NA	NA
gene14253	NA	NA	NA	NA	NA	NA	NA	NA	NA	NA	NA	NA	5.95081908206155	NA	NA
gene1430	NA	NA	NA	NA	NA	NA	NA	NA	NA	NA	NA	NA	5.06608298925139	NA	NA
gene1431	NA	NA	NA	NA	NA	-5.35438758638893	NA	NA	NA	NA	NA	NA	NA	NA	NA
gene14359	NA	NA	NA	NA	NA	NA	-2.60438236804717	NA	NA	NA	NA	NA	NA	NA	NA
gene1436	NA	NA	NA	-2.18213738253596	NA	NA	NA	-1.96557888358814	NA	NA	-2.78461339440483	-1.641466479415	-2.89413522541876	NA	NA
gene14365	NA	NA	NA	-1.97769591860406	NA	NA	NA	-2.24318375257637	NA	NA	-3.68901065152037	-2.50055377019567	-2.15842650455787	NA	NA
gene14385	NA	NA	NA	-2.60277818646574	NA	NA	NA	NA	NA	NA	-2.59358408255715	NA	NA	NA	NA
gene14386	NA	NA	-4.48799166485199	NA	NA	NA	NA	NA	NA	NA	NA	NA	3.01514943977406	NA	NA
gene14428	NA	NA	NA	NA	3.95263447551782	NA	NA	NA	NA	NA	NA	NA	NA	NA	NA
gene14473	NA	NA	NA	NA	NA	4.98770121351946	NA	NA	NA	NA	NA	NA	NA	NA	NA
gene14476	NA	NA	NA	NA	NA	NA	NA	NA	NA	NA	-3.01315128996979	NA	NA	NA	NA
gene1453	-1.60069689412903	NA	NA	-1.91451691699296	-2.37267476099935	NA	NA	NA	NA	NA	NA	NA	NA	NA	NA
gene1455	NA	NA	NA	NA	NA	NA	NA	NA	NA	NA	2.91580388227094	NA	NA	NA	NA
gene1458	NA	NA	NA	NA	NA	-3.10225115126289	-3.51374798298666	NA	NA	NA	2.9258477171542	NA	3.33734454887798	NA	NA
gene146	NA	NA	-5.01620008821838	NA	NA	NA	NA	NA	NA	NA	NA	NA	NA	NA	NA
gene14602	NA	NA	NA	NA	NA	-7.72266994891046	NA	NA	NA	NA	NA	NA	NA	NA	NA
gene14615	NA	NA	NA	-2.66674038548008	NA	NA	NA	NA	NA	NA	NA	NA	-2.76413039867333	NA	NA
gene14627	NA	NA	NA	NA	NA	NA	NA	NA	NA	NA	-3.07679354962877	NA	NA	NA	NA
gene14628	NA	NA	NA	-1.66079851296308	NA	NA	NA	NA	NA	NA	-1.66144107946804	NA	-2.24365291792318	NA	NA
gene14678	NA	NA	NA	NA	NA	NA	NA	NA	NA	NA	NA	NA	3.91107821243059	NA	NA
gene1477	NA	NA	NA	-2.40569313414736	NA	NA	NA	NA	NA	NA	-2.80500069404874	NA	NA	NA	NA
gene1490	NA	NA	NA	NA	NA	2.87710905308501	NA	NA	NA	NA	NA	NA	NA	NA	NA
gene1492	NA	NA	NA	NA	NA	NA	NA	NA	NA	NA	-4.18751970586336	NA	NA	NA	NA
gene1499	NA	NA	NA	NA	NA	NA	NA	NA	NA	NA	-3.4986981155196	NA	NA	NA	NA
gene1516	NA	NA	NA	NA	NA	NA	NA	NA	NA	NA	NA	1.13764121559593	NA	NA	NA
gene1549	NA	NA	NA	-3.77663382457278	NA	NA	NA	NA	NA	NA	-2.83442482984162	NA	-6.7911648557174	-5.49278782844714	NA
gene1557	NA	NA	NA	NA	NA	NA	NA	NA	NA	NA	-2.13020811131578	NA	NA	NA	NA
gene1566	NA	NA	NA	4.46146165631939	NA	NA	NA	NA	NA	NA	NA	NA	NA	NA	NA
gene1603	NA	2.11435094014224	2.80151240824448	2.0853121586634	1.91799588692112	2.36768336847545	3.05484483657769	2.33864458699661	2.17132831525434	NA	NA	NA	NA	NA	NA
gene162	NA	NA	-7.25811534284293	NA	NA	NA	NA	NA	NA	NA	NA	NA	NA	NA	NA
gene1628	NA	-6.38383272555411	NA	NA	NA	NA	NA	NA	NA	NA	NA	NA	NA	NA	NA
gene167	NA	NA	NA	NA	NA	NA	NA	NA	NA	NA	NA	NA	-4.30320971503997	NA	NA
gene1678	NA	NA	NA	NA	NA	NA	NA	-2.03986019190976	NA	NA	NA	NA	NA	NA	NA
gene1685	NA	5.09293017035953	NA	NA	3.41420968808768	5.45695468144258	NA	NA	NA	NA	NA	NA	NA	NA	NA
gene1695	NA	NA	NA	2.41817258450147	NA	NA	NA	2.03334752055244	NA	NA	2.576950652046	0.896070293430214	2.54369967970453	NA	-1.68088035861579
gene1711	NA	NA	NA	3.56964297068592	NA	NA	NA	NA	NA	NA	NA	NA	NA	NA	NA
gene173	4.6887197201679	NA	NA	8.17218484656581	3.60138397768549	NA	NA	NA	NA	NA	4.91819157135718	NA	5.82627653879287	NA	NA
gene1752	NA	NA	NA	NA	NA	-3.08500706694553	NA	NA	NA	NA	NA	NA	NA	NA	NA
gene1782	NA	NA	NA	-1.46562594973851	NA	NA	NA	NA	NA	NA	NA	NA	-1.93443385753241	NA	NA
gene1784	NA	NA	NA	-1.35968702397875	NA	NA	NA	NA	NA	NA	-1.51034935606411	NA	-1.42609588408876	NA	NA
gene1809	NA	NA	NA	-2.770413887289	NA	NA	NA	NA	NA	NA	NA	NA	NA	NA	NA
gene1814	NA	NA	NA	NA	NA	-8.17299445823498	-8.33259379946232	-8.8610448354108	NA	NA	NA	NA	NA	NA	NA
gene1927	NA	NA	NA	NA	NA	NA	NA	NA	NA	NA	-4.51349746619383	NA	NA	NA	NA
gene1957	NA	NA	NA	-1.53367803831076	NA	NA	NA	-1.62861586825093	NA	NA	-1.65782196762799	NA	NA	NA	NA
gene1969	NA	NA	NA	NA	NA	NA	NA	NA	NA	NA	7.29669583846344	NA	NA	NA	NA
gene1982	NA	NA	NA	-1.95274006008915	NA	NA	NA	NA	NA	NA	-2.80558722447431	-2.19945270588523	-2.55805188352365	NA	NA
gene2028	NA	NA	NA	NA	NA	NA	1.41334945679376	NA	NA	NA	NA	NA	NA	NA	NA
gene2092	NA	-3.67755082627539	NA	-4.10106869534456	-4.48244599198739	NA	NA	NA	NA	NA	NA	NA	NA	NA	NA
gene2222	NA	NA	NA	NA	NA	NA	NA	-3.06472347848227	NA	NA	-2.91544301675744	NA	NA	NA	NA
gene2223	NA	NA	NA	-2.3812782640605	NA	NA	NA	-2.5696466483985	NA	NA	-3.19640682567931	-2.16682511681311	-1.82576769515937	NA	NA
gene2260	NA	NA	NA	NA	NA	NA	NA	-3.12074323463715	NA	NA	-3.50485119565659	-2.33285175238206	-2.66441870983178	NA	NA
gene2318	NA	NA	NA	NA	NA	NA	NA	NA	NA	NA	-3.03073006378118	NA	-2.88395800524955	NA	NA
gene2319	NA	NA	NA	NA	NA	NA	NA	NA	NA	NA	NA	-1.81067783884813	-2.23908139063471	-2.51243265727539	NA
gene2336	NA	NA	NA	NA	NA	NA	NA	NA	NA	NA	-1.67252764134059	NA	NA	NA	NA
gene2337	NA	NA	NA	NA	NA	2.2883693696934	NA	2.0587915118781	2.0113592850771	NA	NA	NA	NA	NA	NA
gene2351	NA	NA	NA	NA	NA	NA	NA	NA	NA	NA	NA	NA	-2.28259795637776	NA	NA
gene2372	NA	NA	NA	NA	NA	NA	NA	NA	NA	NA	7.4780819497473	NA	NA	NA	NA
gene2373	NA	NA	NA	NA	NA	NA	NA	NA	NA	NA	7.03274191354463	NA	NA	NA	NA
gene2374	NA	NA	NA	NA	NA	NA	NA	NA	NA	NA	3.79387114234655	NA	NA	NA	NA
gene2379	NA	NA	NA	NA	NA	NA	NA	-2.15695718060961	NA	NA	-2.13642500570856	NA	NA	NA	NA
gene2382	NA	NA	NA	NA	NA	NA	NA	NA	NA	NA	NA	NA	-3.65715216394573	NA	NA
gene2385	NA	NA	NA	-3.12930757570139	NA	NA	NA	-2.53581988029298	NA	NA	-2.52362093243865	NA	-2.78808377109015	NA	NA
gene2386	NA	NA	NA	-3.33009845471943	NA	NA	NA	NA	NA	NA	NA	NA	NA	NA	NA
gene2390	NA	NA	NA	NA	NA	NA	NA	-1.59507943018643	NA	NA	-2.01896163430327	-1.36349634303489	-1.96670641574976	NA	NA
gene2398	NA	NA	NA	NA	NA	NA	NA	NA	NA	NA	-2.88606085436329	NA	-3.22702002196716	NA	NA
gene2401	NA	NA	NA	NA	NA	NA	NA	-5.31733203437458	NA	NA	NA	NA	NA	NA	NA
gene2405	NA	NA	NA	NA	NA	NA	NA	NA	NA	NA	-2.73209636270998	NA	NA	NA	NA
gene2468	NA	NA	NA	NA	NA	NA	NA	NA	NA	NA	-1.72765070543542	NA	NA	NA	NA
gene2485	NA	NA	NA	2.12057698129653	NA	NA	NA	NA	NA	NA	2.20042287407804	NA	NA	NA	NA
gene2511	NA	NA	NA	NA	NA	NA	NA	NA	NA	NA	-3.10153092391678	NA	NA	NA	NA
gene2512	NA	NA	NA	NA	NA	NA	NA	NA	NA	NA	7.80742492372116	NA	NA	NA	NA
gene2513	NA	NA	NA	3.3844102952931	NA	NA	NA	NA	NA	NA	NA	NA	NA	NA	NA
gene2518	NA	NA	-4.79264407854927	NA	NA	NA	-5.56028613969904	NA	NA	NA	NA	NA	4.00077158795198	3.99239497004015	NA
gene2523	-1.71310636105149	NA	NA	NA	NA	NA	NA	NA	NA	NA	NA	NA	NA	NA	NA
gene2524	-1.90279184276934	NA	NA	-1.38485533765185	-1.48530562644229	NA	NA	NA	NA	NA	NA	NA	NA	NA	NA
gene2533	NA	NA	1.91532167898536	NA	NA	NA	NA	NA	NA	NA	NA	NA	-1.67606449873733	NA	NA
gene254	NA	NA	NA	NA	NA	NA	NA	NA	NA	NA	-5.1386969428508	NA	NA	NA	NA
gene2546	NA	NA	NA	NA	NA	-3.35644111640896	NA	NA	NA	NA	NA	NA	NA	NA	NA
gene255	NA	NA	NA	NA	NA	NA	4.30348252446289	NA	NA	NA	NA	NA	NA	NA	NA
gene2550	-2.05993039294544	NA	NA	-2.55688761695829	-1.88578588442416	NA	NA	NA	NA	NA	-2.13881801145272	-1.46771627891858	NA	NA	NA
gene258	NA	NA	NA	NA	NA	3.32732883249823	NA	NA	NA	NA	NA	NA	NA	NA	NA
gene2628	NA	NA	NA	NA	NA	NA	NA	NA	NA	NA	NA	NA	-2.50091554226617	-2.29560548949696	NA
gene2638	2.18145759663124	NA	NA	1.46187515460838	NA	-2.00262114446246	NA	NA	NA	NA	NA	NA	NA	NA	NA
gene2674	NA	NA	NA	NA	NA	NA	NA	NA	NA	NA	-3.3757248302635	NA	-2.98909177304088	NA	NA
gene2677	NA	NA	NA	-2.38302551806234	NA	NA	NA	-2.56011615089304	NA	NA	-4.26456433707974	-3.0893608905669	-3.32312172273152	NA	NA
gene2756	3.85715931578136	NA	NA	2.5604123082817	NA	-2.76360290963981	-3.11522345029003	NA	NA	NA	NA	NA	NA	NA	NA
gene2767	NA	NA	NA	NA	NA	-3.43192002492639	NA	-2.57753554238594	NA	NA	NA	NA	NA	NA	NA
gene2768	NA	NA	NA	NA	NA	NA	NA	-2.09720119098485	NA	NA	NA	NA	NA	NA	NA
gene2792	NA	NA	NA	NA	NA	NA	NA	NA	NA	NA	7.052868716743	NA	NA	NA	NA
gene2828	NA	NA	NA	NA	NA	NA	NA	-3.20865796399011	NA	NA	-3.12678380162931	NA	-2.36604178631036	NA	NA
gene2829	NA	NA	NA	NA	NA	NA	NA	-2.92618340870182	NA	NA	NA	NA	-2.77698990863801	NA	NA
gene2838	NA	NA	NA	NA	NA	NA	NA	-2.37772470206784	NA	NA	NA	NA	NA	NA	NA
gene2854	2.31212402324106	NA	NA	2.2924911774107	NA	-2.46909211842412	NA	NA	NA	NA	2.44945927259376	NA	2.04579497261558	NA	NA
gene2859	NA	NA	NA	NA	NA	NA	NA	NA	NA	NA	NA	NA	3.8815819781737	NA	NA
gene2870	NA	NA	NA	NA	NA	NA	NA	NA	NA	NA	-1.94557909617542	NA	-1.67712430854861	NA	NA
gene2881	1.34486737447789	NA	NA	1.10235312544363	NA	NA	NA	NA	NA	NA	NA	NA	NA	NA	NA
gene2901	NA	NA	NA	NA	NA	NA	NA	NA	NA	NA	5.58833348399352	NA	NA	NA	NA
gene2912	NA	NA	NA	NA	NA	NA	NA	NA	NA	NA	4.30862812830737	NA	NA	NA	NA
gene2926	NA	NA	NA	NA	NA	NA	NA	NA	NA	NA	-5.46162001309026	NA	NA	NA	NA
gene2979	NA	NA	NA	3.56366877532064	NA	NA	NA	NA	NA	NA	4.23411235936159	NA	5.90346959990434	NA	NA
gene2984	NA	NA	NA	NA	NA	-4.27371176600268	NA	NA	NA	NA	NA	NA	NA	NA	NA
gene3000	-2.42615506194929	NA	NA	NA	NA	NA	NA	NA	NA	NA	NA	NA	NA	NA	NA
gene3001	2.60427964927972	NA	NA	NA	NA	-2.71179256378975	NA	NA	NA	NA	NA	NA	NA	NA	NA
gene3007	NA	NA	NA	NA	NA	-7.74424766124901	NA	NA	NA	NA	NA	NA	NA	NA	NA
gene3017	3.94380656428871	NA	NA	NA	NA	NA	NA	NA	NA	NA	NA	NA	NA	NA	NA
gene3034	NA	NA	NA	-2.06917478518114	NA	NA	NA	-2.28853422784664	NA	NA	-3.88148958029505	-3.03627622480744	-2.89019593621097	NA	NA
gene3036	NA	NA	NA	5.44083657426957	NA	NA	NA	NA	NA	NA	NA	NA	6.339593083806	NA	NA
gene3083	NA	NA	NA	-1.58158331466723	NA	NA	NA	-1.52588215571179	NA	NA	-1.80684484147296	NA	NA	NA	NA
gene3099	-1.58009550444774	NA	NA	NA	NA	NA	1.519111260458	1.76985187051876	1.80757283664683	NA	1.09692098502786	1.13464195115593	NA	NA	NA
gene3124	NA	NA	1.17577036160155	NA	NA	NA	NA	NA	NA	NA	NA	NA	NA	NA	NA
gene3126	NA	NA	NA	NA	NA	3.94300473571455	NA	NA	NA	NA	NA	NA	NA	NA	NA
gene313	NA	NA	NA	6.63739324816564	NA	NA	NA	NA	NA	NA	5.93844086263301	NA	NA	NA	NA
gene3139	NA	NA	NA	NA	NA	5.07739224045295	NA	NA	NA	NA	NA	NA	NA	NA	NA
gene3142	NA	NA	NA	NA	NA	NA	NA	-3.59286415959354	NA	NA	NA	NA	NA	NA	NA
gene3152	NA	NA	NA	NA	NA	NA	NA	NA	NA	NA	-4.38202119145201	NA	NA	NA	NA
gene3183	NA	NA	NA	NA	NA	-4.59686497819775	NA	NA	NA	NA	NA	NA	NA	NA	NA
gene3185	NA	NA	NA	NA	NA	NA	NA	NA	NA	NA	5.39460243970891	NA	NA	NA	NA
gene3191	NA	NA	NA	NA	NA	NA	NA	NA	NA	NA	6.23624576748675	NA	NA	NA	NA
gene3256	NA	NA	NA	2.01353105769241	NA	NA	NA	NA	NA	NA	3.29463705036938	2.95332280637031	2.5814158896487	NA	NA
gene3261	0.914768841148115	NA	NA	NA	NA	NA	NA	NA	NA	NA	NA	NA	NA	NA	NA
gene3322	NA	NA	NA	5.7603278430427	NA	NA	NA	NA	NA	NA	NA	NA	4.5399364728355	NA	NA
gene333	NA	NA	NA	-1.41120141813422	NA	NA	NA	-2.48021384327095	NA	NA	-1.51833822659729	NA	NA	NA	NA
gene3336	NA	-4.05831410511617	-3.89273650337326	-3.95895008250238	NA	NA	NA	-2.93353804837488	NA	NA	NA	NA	NA	NA	NA
gene3337	NA	NA	NA	NA	NA	-2.7592758574433	NA	NA	NA	NA	NA	2.2469706885299	NA	NA	NA
gene334	NA	NA	NA	-3.4712496429415	NA	NA	NA	NA	NA	NA	-3.36373025312592	NA	NA	NA	NA
gene3347	NA	NA	NA	NA	NA	NA	NA	NA	NA	NA	-3.57990449641853	NA	NA	NA	NA
gene338	NA	NA	NA	-2.0373849351192	NA	NA	NA	-2.29840053610013	NA	NA	-2.57719691886604	NA	-2.69238326003867	NA	NA
gene339	NA	NA	NA	NA	NA	NA	NA	NA	NA	NA	NA	NA	4.16672762013306	NA	NA
gene3451	NA	NA	NA	2.18967680392136	NA	NA	NA	NA	NA	NA	NA	NA	NA	NA	NA
gene3473	NA	NA	NA	-1.91909730565828	NA	NA	NA	NA	NA	NA	NA	NA	NA	NA	NA
gene3480	2.51589998912035	NA	NA	NA	NA	NA	NA	NA	NA	NA	NA	NA	NA	NA	NA
gene3519	NA	NA	NA	-2.56613095896957	-2.33508776357568	NA	NA	NA	NA	NA	-2.12691730740002	-1.89587411200613	NA	NA	NA
gene3616	NA	NA	NA	-2.94965397614211	-2.55551173972011	NA	NA	NA	NA	NA	-3.19958788185381	-2.80544564543182	-2.47688528517384	NA	NA
gene3630	NA	NA	NA	NA	NA	NA	NA	-2.25951544540038	NA	NA	NA	NA	-1.95356420454041	NA	NA
gene364	NA	NA	NA	3.50827095130803	NA	NA	NA	NA	NA	NA	NA	NA	NA	NA	NA
gene3653	NA	NA	NA	NA	NA	NA	NA	NA	NA	NA	6.17005818262676	NA	NA	NA	NA
gene3683	NA	NA	NA	-2.23154899682142	NA	NA	NA	NA	NA	NA	-3.05918452940876	-2.37548871687198	-3.01914567098105	NA	NA
gene3684	NA	NA	NA	NA	NA	NA	NA	NA	NA	NA	NA	NA	-2.4511983768663	NA	NA
gene3724	-3.31058138867778	NA	-3.17726059710706	-2.36984631645811	-2.53415351612073	NA	NA	NA	NA	NA	NA	NA	NA	NA	NA
gene3749	NA	NA	NA	-2.11723898409617	NA	NA	NA	NA	NA	NA	-2.70301468558584	NA	-3.0018213150281	NA	NA
gene376	NA	NA	NA	-2.27606450246162	NA	NA	NA	NA	NA	NA	NA	NA	NA	NA	NA
gene3815	NA	NA	NA	NA	NA	NA	NA	NA	NA	NA	-2.56276058857086	NA	-3.40208573553178	NA	NA
gene3874	NA	NA	NA	NA	NA	NA	NA	NA	NA	NA	2.97969301516313	NA	NA	NA	NA
gene3875	4.78555958114164	NA	NA	2.05239519880118	2.04044051925809	-4.73314280423979	-4.47214246277049	-2.73316438234047	-2.74511906188356	NA	1.99997842189932	1.98802374235623	NA	NA	NA
gene3892	NA	NA	NA	NA	NA	3.25081613048728	NA	NA	NA	NA	-2.57748401786598	NA	NA	NA	NA
gene392	NA	NA	NA	-2.2093356066885	NA	NA	NA	NA	NA	NA	-3.80568672776915	-2.32699599709904	-3.95627679745581	NA	NA
gene3947	NA	NA	NA	-2.84849311461564	-2.55904813112041	NA	NA	-2.49432286387882	NA	NA	NA	NA	NA	NA	NA
gene3980	NA	NA	NA	NA	NA	1.30562848852916	NA	NA	NA	NA	-1.330627019995	NA	-1.11496469071974	NA	NA
gene3995	NA	NA	NA	-1.98383506957773	NA	NA	NA	-3.08357378390538	NA	NA	-2.2622867203769	NA	-2.46784406026749	NA	NA
gene3996	NA	NA	NA	NA	NA	NA	NA	-2.46296975170863	NA	NA	NA	NA	-2.55366071353662	NA	NA
gene4009	NA	NA	NA	NA	NA	NA	NA	NA	NA	NA	-4.60292820427342	NA	NA	NA	NA
gene4036	NA	NA	NA	2.71033657143818	NA	NA	NA	NA	NA	NA	3.58250748516024	NA	3.10043548928429	NA	NA
gene4044	NA	NA	NA	NA	NA	NA	NA	NA	NA	NA	NA	NA	-3.72562175353967	NA	NA
gene4053	NA	NA	NA	-4.78803623162797	NA	NA	NA	NA	NA	NA	NA	NA	NA	NA	NA
gene4054	NA	NA	NA	3.18688353970392	2.72672004058781	NA	NA	NA	NA	NA	NA	NA	NA	NA	NA
gene4064	NA	NA	NA	NA	NA	NA	NA	NA	NA	NA	NA	NA	-3.3208870677025	NA	NA
gene4096	NA	NA	NA	NA	NA	-3.64989054024023	NA	NA	NA	NA	NA	NA	NA	NA	NA
gene41	NA	NA	NA	NA	NA	NA	NA	NA	NA	NA	NA	1.1288493789709	NA	NA	NA
gene4167	NA	NA	NA	-2.0820288282998	NA	NA	NA	-2.64600371465215	NA	NA	-3.0654094149075	-2.09144550770844	-3.48216235123809	-2.50819844403903	NA
gene4183	NA	NA	NA	NA	NA	NA	NA	NA	NA	NA	-2.36852419432696	NA	NA	NA	NA
gene4210	NA	NA	NA	NA	NA	NA	NA	NA	NA	NA	7.92625356824674	NA	NA	NA	NA
gene4232	-2.66620678167538	NA	NA	NA	-2.04122894098563	3.40130171383818	3.47966090845239	NA	NA	NA	-2.4800845482752	-2.77632387314842	-2.55844374288941	-2.85468306776263	NA
gene4244	NA	NA	NA	-2.97659407492671	NA	NA	NA	-2.87390001861808	NA	NA	-3.66416034417177	-2.28555087828423	-3.53171566749595	NA	NA
gene4263	NA	NA	NA	NA	NA	NA	NA	NA	NA	NA	-4.6447160906157	NA	-4.68097440842933	NA	NA
gene4274	NA	NA	NA	-2.3727606898513	NA	NA	NA	-2.22206014698439	NA	NA	-2.51611668721112	-1.74787848715714	-2.90497573587685	-2.13673753582287	NA
gene4283	NA	NA	NA	-2.6865281442457	NA	NA	NA	-2.18401927085127	NA	NA	-2.16857212277822	NA	-3.05869541024507	NA	NA
gene4301	NA	NA	NA	-2.34557625293425	NA	NA	NA	NA	NA	NA	-2.51193621341153	NA	-2.29350337967322	NA	NA
gene4305	NA	NA	-5.99639317989105	NA	NA	NA	NA	NA	NA	NA	NA	NA	NA	NA	NA
gene4310	NA	NA	NA	NA	NA	NA	NA	NA	NA	NA	NA	NA	3.58502117179344	NA	NA
gene4333	NA	NA	NA	NA	NA	NA	NA	NA	NA	NA	NA	1.38443340254057	NA	NA	NA
gene4382	NA	2.53504952260988	NA	NA	NA	NA	NA	NA	NA	NA	NA	NA	NA	NA	NA
gene4397	NA	NA	NA	-5.20031766256051	NA	NA	NA	NA	NA	NA	NA	NA	NA	NA	NA
gene4426	2.0876572631803	NA	NA	NA	NA	NA	NA	-2.01019405287643	NA	NA	NA	NA	NA	NA	NA
gene4427	NA	NA	NA	NA	NA	NA	NA	NA	NA	NA	2.09136427087444	NA	NA	NA	NA
gene4441	NA	NA	-6.95357690981852	NA	NA	NA	NA	NA	NA	NA	NA	NA	NA	NA	NA
gene447	NA	NA	NA	NA	NA	NA	NA	NA	NA	NA	NA	NA	2.56794880324568	NA	NA
gene4483	NA	NA	NA	-2.3718267443184	NA	NA	NA	-2.39363064219721	NA	NA	-2.39913657053616	NA	-2.95310380925052	NA	NA
gene4493	NA	NA	NA	NA	NA	NA	NA	NA	NA	NA	NA	NA	-4.01650677898995	NA	NA
gene4494	NA	NA	NA	-1.73086192340903	NA	NA	NA	NA	NA	NA	NA	NA	NA	NA	NA
gene4501	NA	NA	NA	-2.77192101083576	-2.43717697638628	NA	NA	-2.62404490065116	NA	NA	NA	NA	NA	NA	NA
gene4504	NA	NA	NA	-3.060738359417	NA	NA	NA	NA	NA	NA	-3.75110637558371	NA	-3.43219945851579	NA	NA
gene4534	NA	NA	2.69594070719282	NA	NA	NA	2.89192663471559	NA	NA	NA	NA	NA	-1.87915358709051	NA	NA
gene4568	NA	NA	NA	NA	NA	NA	NA	NA	NA	NA	6.55572082663302	NA	NA	NA	NA
gene4610	NA	NA	NA	NA	NA	NA	NA	NA	NA	NA	-1.57065499893126	NA	NA	NA	NA
gene4623	NA	NA	NA	-2.17759591766151	NA	NA	NA	-2.29163527768147	NA	NA	-3.60192636128835	-2.22408912742991	-2.60856910332967	NA	NA
gene4632	NA	NA	NA	NA	-2.07474182035608	NA	NA	NA	NA	NA	-2.12160820388207	-2.51283587460154	NA	NA	NA
gene4637	3.03247785144909	NA	NA	NA	NA	NA	NA	NA	NA	NA	NA	NA	NA	NA	NA
gene4641	NA	NA	NA	NA	NA	NA	NA	NA	NA	NA	1.34330262357968	NA	NA	NA	NA
gene4642	NA	NA	NA	NA	NA	NA	NA	NA	NA	NA	1.23939277450079	NA	1.14981085283224	NA	NA
gene4735	NA	NA	NA	2.28671720865924	NA	NA	NA	NA	NA	NA	NA	NA	NA	NA	NA
gene4746	NA	NA	NA	NA	NA	NA	NA	NA	NA	NA	-2.34670152994931	-2.06124339319365	-2.5133437778079	NA	NA
gene477	NA	NA	NA	-2.52589681217919	NA	NA	NA	-2.62389924884864	NA	NA	-2.52619618961081	NA	-2.81480933498375	NA	NA
gene4784	NA	NA	NA	NA	NA	NA	NA	NA	NA	NA	-3.52796069520002	NA	NA	NA	NA
gene4792	NA	NA	NA	NA	NA	NA	NA	NA	NA	NA	-3.36349489732131	NA	NA	NA	NA
gene488	NA	NA	NA	NA	NA	NA	NA	NA	NA	NA	-2.44361867607412	-1.72003035038918	NA	NA	NA
gene4915	2.70015575133607	NA	NA	NA	NA	NA	NA	NA	NA	NA	NA	NA	NA	NA	NA
gene4938	NA	NA	NA	NA	NA	NA	NA	NA	NA	NA	-1.69338796227678	NA	-1.77567449754844	NA	NA
gene4958	NA	NA	NA	-2.78785773483526	-1.70175577538156	NA	NA	-2.31740074862399	NA	NA	-1.93349166087611	NA	-3.39180305890674	-2.30570109945303	NA
gene496	NA	NA	NA	-2.16469940427604	-1.64665556880817	NA	NA	-1.64678890541084	NA	NA	-2.2317092822356	-1.71366544676774	-1.46481325884822	NA	NA
gene4970	NA	NA	NA	-3.75110323513565	-3.66833771916762	NA	NA	NA	NA	NA	-3.05444211058176	NA	-3.36011307891188	NA	NA
gene5033	NA	NA	NA	NA	NA	NA	NA	NA	NA	NA	-4.2728126499216	NA	NA	NA	NA
gene5092	NA	NA	NA	NA	NA	NA	NA	-3.02493856783168	NA	NA	NA	NA	NA	NA	NA
gene5106	NA	NA	NA	-2.90392514990894	NA	NA	NA	NA	NA	NA	NA	NA	-2.76980082615329	NA	NA
gene5109	NA	NA	NA	-1.21160715512369	-1.30974768282512	NA	NA	NA	NA	NA	NA	NA	NA	NA	NA
gene5112	-2.10977723121831	NA	NA	NA	NA	NA	NA	NA	NA	NA	NA	NA	NA	NA	NA
gene5195	NA	NA	NA	-3.22972512578418	-2.76299031707644	NA	NA	-2.98993833889294	NA	NA	-3.94078205338928	NA	NA	NA	NA
gene5198	NA	NA	NA	NA	NA	NA	NA	NA	NA	NA	NA	NA	2.0603695091792	NA	NA
gene5209	NA	NA	NA	1.6751159502619	NA	NA	NA	NA	NA	NA	1.77058743193095	NA	1.88647796566328	NA	NA
gene522	NA	NA	NA	3.45998264395475	NA	NA	NA	NA	NA	NA	NA	NA	NA	NA	NA
gene5267	NA	NA	NA	NA	2.04250589985561	NA	NA	NA	NA	NA	NA	NA	NA	NA	NA
gene5283	NA	NA	NA	NA	NA	2.53565411504306	3.05582244590798	NA	NA	NA	NA	NA	NA	NA	NA
gene5284	NA	NA	NA	-1.81963240600801	NA	2.24662815456127	NA	NA	NA	NA	-3.29671838374484	-2.05608841023965	NA	NA	NA
gene5297	NA	NA	NA	-2.76347389719118	NA	NA	NA	-2.1575711354702	NA	NA	-2.81381481794457	-1.61343928284761	-2.44898622568125	NA	NA
gene534	NA	NA	NA	NA	NA	NA	NA	NA	NA	NA	NA	NA	-3.04410889415403	NA	NA
gene5370	NA	NA	NA	3.18358624311969	NA	NA	NA	NA	NA	NA	NA	NA	NA	NA	NA
gene54	NA	NA	NA	1.44539979916765	1.3686895234673	NA	NA	NA	NA	NA	NA	NA	NA	NA	NA
gene5423	NA	-4.92952408631808	-5.62649056774649	-4.47091128128838	-4.40382664692462	NA	NA	NA	NA	NA	NA	NA	NA	NA	NA
gene55	NA	NA	NA	NA	NA	NA	NA	NA	NA	NA	2.36949359765328	NA	2.32474343465173	NA	NA
gene5509	NA	NA	NA	-1.65018292343351	NA	NA	NA	-2.27275329060799	NA	NA	-1.36722452624358	NA	NA	NA	NA
gene5559	NA	NA	NA	NA	NA	NA	NA	NA	NA	NA	NA	NA	1.24113613759641	NA	NA
gene5586	NA	NA	NA	NA	NA	NA	NA	NA	NA	NA	NA	NA	5.39496549454428	NA	NA
gene5595	NA	NA	NA	-1.94808196092124	NA	NA	-2.08977127830466	-3.67962573835452	-3.06015732384353	NA	-1.98406439623014	NA	-1.58985446004986	NA	NA
gene5691	NA	NA	NA	NA	NA	NA	NA	NA	NA	NA	8.19636248141076	NA	NA	NA	NA
gene5709	NA	NA	NA	-2.34779914674017	-2.38847406416572	NA	NA	-1.74036240901807	NA	NA	NA	NA	NA	NA	NA
gene5710	NA	NA	-2.36499474595334	-2.92800639654089	-2.92652256190734	NA	NA	NA	NA	NA	NA	NA	NA	NA	NA
gene5711	NA	NA	NA	NA	NA	NA	NA	-2.56342166096384	NA	NA	-2.80587825425097	NA	-1.98901181908693	NA	NA
gene5734	NA	NA	NA	2.0972786077814	NA	-2.98872855252934	-2.70559855213011	NA	NA	NA	3.05866047936491	2.96363602319998	2.77553047896568	2.68050602280076	NA
gene5738	NA	NA	NA	NA	NA	NA	NA	-2.17761676968301	NA	NA	-3.13831240858118	-2.08443694186775	-2.03527302232128	NA	NA
gene5743	NA	NA	NA	-3.65905882107488	-2.23051153700906	NA	-3.10283276768248	-5.79669653038877	-4.36814924632294	NA	-4.73860270315089	-3.31005541908507	-2.69386376270628	NA	NA
gene5751	NA	NA	NA	NA	NA	NA	NA	NA	NA	NA	-2.00069564450599	NA	-2.03414788428873	NA	NA
gene5774	NA	NA	NA	NA	NA	3.37805778391304	NA	NA	NA	NA	NA	NA	NA	NA	NA
gene5776	NA	NA	NA	NA	NA	NA	NA	2.68313320820505	NA	NA	NA	NA	2.20531827912432	NA	NA
gene5780	NA	NA	NA	NA	NA	NA	NA	NA	NA	NA	4.07347373130918	NA	3.51793781802564	NA	NA
gene5782	NA	NA	NA	2.90124538974889	NA	NA	NA	NA	NA	NA	NA	NA	NA	NA	NA
gene5834	NA	NA	NA	2.18865878564326	NA	NA	NA	NA	NA	NA	NA	NA	NA	NA	NA
gene5838	-3.40895486248196	NA	-4.13176371887107	-3.91017711997191	-4.22161563148824	NA	NA	NA	NA	NA	NA	NA	NA	NA	NA
gene5861	NA	NA	NA	-2.70595621126929	NA	NA	NA	-2.88045467009341	NA	NA	-3.51781069202915	-2.38018994930563	-2.72082491245776	NA	NA
gene5900	NA	NA	NA	NA	NA	NA	NA	NA	NA	NA	3.26994206238251	NA	NA	NA	NA
gene5910	NA	NA	NA	NA	NA	NA	NA	NA	NA	NA	-3.81290618715375	NA	NA	NA	NA
gene5924	NA	NA	NA	NA	NA	NA	NA	NA	NA	NA	-4.89244119984226	NA	NA	NA	NA
gene5925	-1.59403970992305	NA	NA	-1.49824597063025	-1.48963701635811	NA	NA	NA	NA	NA	NA	NA	NA	NA	NA
gene593	NA	NA	NA	NA	2.10249679823461	NA	NA	NA	NA	NA	NA	NA	NA	NA	NA
gene5951	NA	NA	NA	NA	NA	NA	NA	-2.75598627648493	NA	NA	NA	NA	NA	NA	NA
gene5972	NA	NA	NA	NA	NA	NA	NA	NA	NA	NA	-2.01001417122592	NA	NA	NA	NA
gene5976	NA	NA	NA	NA	NA	NA	NA	NA	NA	NA	5.92979476216887	NA	NA	NA	NA
gene6028	NA	NA	NA	NA	NA	NA	NA	NA	NA	NA	NA	NA	1.09084933354698	NA	NA
gene6060	NA	NA	NA	NA	NA	NA	NA	NA	NA	NA	1.36966055746805	1.2867166098466	NA	NA	NA
gene6114	NA	NA	NA	NA	NA	NA	-3.6460745322196	NA	NA	NA	NA	NA	NA	NA	NA
gene6127	8.73247119680578	NA	NA	5.00339070028618	4.4205117193461	-8.12887485934612	-8.08084458865461	NA	NA	NA	4.39979436282651	3.81691538188643	4.351764092135	3.76888511119492	NA
gene6140	NA	NA	NA	-2.15563094863346	NA	NA	NA	-2.53468189103935	NA	NA	-2.71075249608647	NA	-2.63258729456082	NA	NA
gene6147	NA	NA	NA	NA	NA	NA	NA	NA	NA	NA	-1.89943757816401	NA	NA	NA	NA
gene615	NA	NA	NA	2.87824842674778	NA	NA	NA	NA	NA	NA	NA	NA	NA	NA	NA
gene6153	NA	NA	NA	NA	NA	5.86196409031629	NA	NA	NA	NA	-4.63892879317057	NA	NA	NA	NA
gene6160	NA	NA	NA	NA	NA	NA	NA	NA	NA	NA	-5.18948496104018	NA	NA	NA	NA
gene629	NA	NA	NA	NA	NA	-7.34087164911768	-7.427778672926	NA	NA	NA	NA	NA	NA	NA	NA
gene630	NA	NA	NA	NA	NA	NA	NA	NA	NA	NA	-4.42336835811462	NA	NA	NA	NA
gene6305	NA	NA	NA	NA	NA	NA	NA	NA	NA	NA	6.56477626625082	NA	NA	NA	NA
gene6310	NA	NA	NA	NA	NA	4.62211989771016	NA	NA	NA	NA	-4.45636448895814	NA	NA	NA	NA
gene6320	NA	NA	NA	NA	NA	-7.07128936031051	NA	NA	NA	NA	NA	NA	NA	NA	NA
gene645	-1.91645291201787	NA	NA	NA	NA	NA	NA	NA	NA	NA	NA	NA	NA	NA	NA
gene6455	NA	NA	NA	-2.77442615840238	NA	NA	NA	NA	NA	NA	-3.57957000847053	NA	-3.93853049229828	NA	NA
gene6463	NA	NA	NA	NA	NA	NA	NA	NA	NA	NA	-3.84907597866565	NA	NA	NA	NA
gene6464	NA	NA	NA	NA	NA	NA	NA	-1.75331390381435	NA	NA	-1.62020733180065	NA	-1.89369610244141	NA	NA
gene6491	NA	NA	NA	NA	NA	NA	NA	NA	NA	NA	2.66818722951904	NA	NA	NA	NA
gene6496	NA	NA	NA	5.6471750960739	NA	NA	NA	NA	NA	NA	NA	NA	NA	NA	NA
gene651	NA	NA	NA	NA	NA	NA	NA	NA	NA	NA	NA	2.05889866485579	NA	NA	NA
gene6563	NA	NA	NA	-3.01114917626523	-2.86358213163932	NA	NA	NA	NA	NA	NA	NA	NA	NA	NA
gene6579	NA	NA	NA	NA	NA	NA	NA	NA	NA	NA	7.25661725239587	NA	NA	NA	NA
gene6600	NA	NA	NA	NA	NA	NA	NA	NA	NA	NA	6.28525562219374	NA	NA	NA	NA
gene6615	NA	NA	NA	NA	NA	NA	NA	NA	NA	NA	-2.84956040181068	NA	-3.43417863969015	NA	NA
gene6627	NA	NA	NA	NA	NA	NA	NA	NA	NA	NA	NA	NA	-2.08907575741786	NA	NA
gene6687	NA	NA	NA	NA	NA	NA	NA	3.60502634017318	NA	NA	NA	NA	NA	NA	NA
gene6706	NA	NA	NA	-3.05536481548325	-2.30812752222722	NA	NA	-3.01038732422872	NA	NA	-3.14966552993363	-2.4024282366776	NA	NA	NA
gene6722	NA	NA	NA	-2.05840352768943	NA	NA	NA	-2.8189015029549	NA	NA	-2.44606740777049	NA	NA	NA	NA
gene679	NA	NA	2.6064122475974	1.91996313258417	NA	NA	NA	NA	NA	NA	NA	NA	NA	NA	NA
gene6812	NA	NA	NA	NA	NA	NA	NA	NA	NA	NA	-4.51528052684033	NA	NA	NA	NA
gene6837	NA	NA	-2.47554606419713	-2.0385499094155	-2.18405261746702	NA	NA	NA	NA	NA	NA	NA	NA	NA	NA
gene6838	NA	NA	NA	-1.62195643777911	-1.8969621591837	NA	NA	NA	NA	NA	NA	NA	NA	NA	NA
gene6840	NA	NA	NA	5.85693248391089	NA	NA	NA	NA	NA	NA	NA	NA	NA	NA	NA
gene6862	NA	NA	NA	5.60652617106918	NA	NA	NA	NA	NA	NA	NA	NA	6.23095636802468	NA	NA
gene6881	-3.12672584974106	NA	NA	NA	NA	NA	NA	NA	NA	NA	NA	NA	NA	NA	NA
gene6888	NA	NA	-1.96996692472673	NA	-1.82241141605367	NA	NA	NA	NA	NA	NA	NA	1.80179352698155	NA	NA
gene6903	NA	NA	NA	NA	2.23484190908666	-4.10723437121238	-3.11920344737342	NA	NA	NA	2.24760346784832	NA	NA	NA	NA
gene6917	NA	6.1769430098426	NA	NA	NA	NA	NA	NA	NA	NA	NA	NA	NA	NA	NA
gene692	NA	NA	NA	NA	NA	NA	NA	NA	NA	NA	-2.69004824905265	NA	NA	NA	NA
gene6935	NA	NA	NA	-1.88960338043319	NA	NA	NA	NA	NA	NA	NA	NA	NA	NA	NA
gene6943	NA	NA	NA	NA	NA	NA	NA	NA	NA	NA	NA	-2.06372203888403	NA	NA	NA
gene6967	NA	NA	NA	NA	NA	NA	NA	NA	NA	NA	6.73682074679774	NA	NA	NA	NA
gene6968	NA	NA	NA	NA	NA	NA	NA	2.42871078695227	NA	NA	NA	NA	NA	NA	NA
gene6997	NA	NA	NA	NA	NA	NA	NA	NA	NA	NA	-5.19383163893909	NA	NA	NA	NA
gene7010	NA	NA	NA	-5.90786201948554	NA	NA	NA	NA	NA	NA	NA	NA	NA	NA	NA
gene7046	NA	NA	NA	NA	NA	NA	NA	NA	NA	NA	NA	-1.47559275274055	NA	NA	NA
gene7123	NA	3.38309632550092	NA	NA	NA	NA	NA	NA	NA	NA	NA	NA	NA	NA	NA
gene7124	NA	NA	NA	NA	NA	NA	NA	NA	NA	NA	-2.43819031429608	-1.99098900125386	-2.29091316564377	NA	NA
gene7140	NA	NA	NA	3.45370513025111	NA	NA	NA	NA	NA	NA	3.18611747158252	NA	NA	NA	NA
gene7145	NA	NA	NA	-3.11790751712588	-2.04398202552205	NA	NA	-3.13547065482225	NA	NA	-3.33010423265416	-2.25617874105033	-2.19852010016132	NA	NA
gene715	NA	NA	NA	-2.08457257860935	NA	NA	NA	NA	NA	NA	-2.16830206236719	NA	-2.80547786713781	NA	NA
gene7186	NA	NA	NA	-2.81701150146808	NA	NA	NA	NA	NA	NA	-3.07920417983053	NA	-2.00849609506499	NA	NA
gene72	NA	NA	NA	3.85292657893164	NA	NA	NA	NA	NA	NA	NA	NA	NA	NA	NA
gene7214	NA	NA	NA	NA	NA	-5.63898416673788	NA	NA	NA	NA	3.93370479351451	NA	NA	NA	NA
gene7267	NA	NA	NA	3.28675178646849	NA	NA	NA	NA	NA	NA	NA	NA	NA	NA	NA
gene7268	NA	3.87014461407906	3.7863232565018	2.68824876142553	2.27141286749463	3.34495528359268	3.26113392601542	NA	NA	NA	NA	NA	NA	NA	NA
gene7276	NA	NA	NA	NA	NA	NA	NA	NA	NA	NA	-2.57383801602858	NA	NA	NA	NA
gene7278	NA	NA	NA	3.68564936281593	NA	NA	NA	NA	NA	NA	3.88484474392405	NA	NA	NA	NA
gene7289	NA	NA	NA	NA	NA	NA	NA	NA	NA	NA	5.6877074969676	NA	NA	NA	NA
gene7310	NA	NA	NA	NA	NA	NA	NA	NA	NA	NA	5.56966404429202	NA	NA	NA	NA
gene7317	NA	NA	NA	3.31857335324891	4.84263296735416	NA	NA	NA	NA	NA	NA	NA	NA	NA	NA
gene7364	NA	NA	NA	-4.56684288619913	-3.4588132949282	NA	NA	NA	NA	NA	NA	NA	NA	NA	NA
gene7371	NA	NA	NA	NA	NA	NA	NA	NA	NA	NA	-2.15084312060628	NA	-2.94714867199605	NA	NA
gene7372	NA	NA	NA	NA	NA	NA	NA	NA	NA	NA	NA	NA	-3.67864839623276	NA	NA
gene740	NA	NA	NA	NA	NA	NA	NA	NA	NA	NA	NA	NA	2.00263808985546	2.4701359086137	NA
gene7412	NA	NA	NA	NA	NA	NA	NA	NA	NA	NA	NA	NA	-4.83854388542554	NA	NA
gene7434	NA	NA	NA	2.7621224330635	3.53298211607076	NA	NA	NA	NA	NA	NA	NA	NA	NA	NA
gene7463	NA	NA	NA	1.02348927508123	NA	NA	-1.36523836446459	NA	NA	NA	1.17370147517057	NA	1.3949102402511	NA	NA
gene7464	NA	NA	NA	-1.82155594888522	NA	NA	NA	-2.0622013788038	NA	NA	NA	NA	NA	NA	NA
gene7470	NA	NA	NA	-2.49231213069947	NA	NA	NA	-2.29612345745896	NA	NA	-2.64046934696012	NA	-3.55476108116119	NA	NA
gene7489	NA	NA	NA	NA	NA	NA	NA	NA	NA	NA	NA	NA	-2.08209340211115	-2.19341428414092	NA
gene7526	NA	NA	NA	NA	NA	NA	NA	NA	NA	NA	4.49186283173986	NA	5.16582214811663	NA	NA
gene753	NA	NA	NA	NA	NA	NA	NA	-1.5494519217642	NA	NA	-1.4394053758123	NA	NA	NA	NA
gene7555	NA	NA	NA	NA	NA	NA	NA	NA	NA	NA	NA	NA	-3.15489941425429	NA	NA
gene7557	NA	NA	NA	NA	NA	NA	5.08792216498597	NA	NA	NA	NA	NA	-4.69536263898022	NA	NA
gene7564	NA	NA	NA	2.8443768122107	NA	NA	NA	NA	NA	NA	NA	NA	NA	NA	NA
gene7581	NA	NA	NA	NA	NA	NA	NA	NA	NA	NA	-1.74045054216238	NA	-1.4923642713519	NA	NA
gene7619	NA	NA	NA	-3.76785940322567	NA	NA	NA	NA	NA	NA	NA	NA	NA	NA	NA
gene7640	NA	NA	NA	NA	NA	NA	NA	NA	NA	NA	NA	NA	3.89381527829901	NA	NA
gene7648	NA	NA	NA	-3.36919750379807	NA	NA	NA	-5.14572875448415	NA	NA	-3.66853499400735	NA	-4.13268666732357	NA	NA
gene7651	NA	NA	NA	NA	NA	NA	NA	3.75726627671566	NA	NA	NA	NA	NA	NA	NA
gene7656	NA	NA	NA	NA	NA	NA	NA	NA	NA	NA	-2.41442370487955	-1.87445559402925	NA	NA	NA
gene7681	NA	NA	NA	-2.78832974050382	NA	NA	NA	-2.61076866331118	NA	NA	-3.22410328196016	NA	-3.30136942003509	NA	NA
gene7690	-1.44678162517974	-1.82551166299701	-1.85026402713211	-1.83058578438318	-2.01998391743065	NA	NA	NA	NA	NA	NA	NA	NA	NA	NA
gene7691	NA	NA	NA	NA	-1.4693005125723	NA	NA	NA	NA	NA	NA	-1.16952449745149	NA	NA	NA
gene7692	NA	NA	NA	4.13940430592665	NA	NA	NA	NA	NA	NA	NA	NA	NA	NA	NA
gene7720	3.34294217943171	NA	NA	2.05308206468009	NA	NA	NA	NA	NA	NA	NA	NA	NA	NA	NA
gene7808	2.05416746694451	NA	NA	NA	NA	NA	NA	NA	NA	NA	NA	NA	NA	NA	NA
gene781	NA	4.02170381446339	NA	3.45911540425027	NA	3.81222708764129	NA	3.24963867742818	NA	NA	NA	NA	2.54150361689227	NA	NA
gene782	NA	NA	NA	2.61930261740929	2.669728564386	NA	NA	NA	NA	NA	NA	NA	NA	NA	NA
gene7897	NA	NA	NA	NA	-3.43434095233979	NA	NA	NA	NA	NA	NA	NA	NA	NA	NA
gene7941	NA	NA	NA	NA	NA	NA	NA	NA	NA	NA	-5.56591600427036	NA	NA	NA	NA
gene7956	NA	NA	NA	NA	NA	NA	NA	NA	NA	NA	NA	NA	-3.31611337846664	NA	NA
gene80	NA	NA	NA	NA	NA	NA	NA	NA	NA	NA	-4.10909054346487	NA	NA	NA	NA
gene8004	NA	NA	NA	NA	NA	NA	NA	NA	NA	NA	-1.86574827689611	-1.40032591100086	NA	NA	NA
gene8023	NA	NA	NA	3.03225177261771	NA	NA	NA	NA	NA	NA	NA	NA	NA	NA	NA
gene8072	NA	NA	NA	3.47828010038665	NA	NA	NA	NA	NA	NA	3.04745329991609	NA	NA	NA	NA
gene8074	NA	NA	NA	NA	NA	NA	NA	NA	NA	NA	NA	NA	6.32319413828855	NA	NA
gene8095	NA	NA	NA	NA	NA	NA	-3.48581911553701	NA	NA	NA	NA	NA	NA	NA	NA
gene810	2.2945152356652	NA	NA	NA	NA	NA	NA	NA	NA	NA	NA	NA	NA	NA	NA
gene813	NA	NA	NA	NA	NA	NA	-4.68158173387905	NA	NA	NA	NA	NA	NA	NA	NA
gene8131	NA	NA	-6.07191722252956	-5.58816554007326	NA	NA	NA	NA	NA	NA	NA	NA	NA	NA	NA
gene8132	NA	NA	NA	NA	NA	NA	3.78446292443003	NA	NA	NA	NA	NA	NA	NA	NA
gene8247	NA	NA	NA	NA	NA	NA	NA	NA	NA	NA	6.47049592395148	NA	NA	NA	NA
gene8254	2.14052587583107	NA	NA	NA	NA	NA	NA	NA	NA	NA	NA	NA	NA	NA	NA
gene8289	NA	NA	NA	NA	NA	NA	NA	NA	NA	NA	3.83563319040646	NA	NA	NA	NA
gene8298	NA	NA	NA	NA	NA	NA	NA	NA	NA	NA	-1.79668461018094	-1.72031485853863	NA	NA	NA
gene8301	NA	NA	NA	NA	NA	NA	NA	NA	NA	NA	3.77463203528909	NA	4.2338284463218	NA	NA
gene8308	NA	NA	NA	-3.42423901514125	NA	NA	NA	-3.32297685993221	NA	NA	-3.70205496792348	-2.00656607033704	-4.35970958629832	-2.66422068871189	NA
gene8349	NA	NA	NA	NA	NA	NA	NA	-2.46977376860001	NA	NA	-3.84914775503265	-2.21184463644554	-3.36803661750226	NA	NA
gene8384	NA	NA	NA	-3.12633087561397	NA	NA	NA	-2.80825798172841	NA	NA	-3.9780509062093	-2.66101417585318	-5.12031329917542	-3.8032765688193	NA
gene8394	NA	NA	NA	NA	NA	NA	NA	NA	NA	NA	NA	-2.02631389194896	NA	NA	NA
gene8395	NA	NA	NA	NA	NA	2.02147230498183	NA	NA	NA	NA	-1.50517628167056	-2.17672024234003	NA	NA	NA
gene8417	NA	NA	NA	NA	NA	NA	NA	NA	NA	NA	-0.824602653383663	-0.844425954216742	NA	NA	NA
gene8425	NA	NA	NA	NA	NA	NA	NA	-2.22078978289339	NA	NA	-1.89195329663821	NA	NA	NA	NA
gene8428	NA	NA	NA	NA	NA	NA	NA	NA	NA	NA	-2.47058235307613	NA	NA	NA	NA
gene8432	NA	NA	NA	NA	NA	NA	NA	NA	NA	NA	1.68624382446751	NA	NA	NA	NA
gene8437	NA	NA	NA	NA	3.15992769423066	NA	NA	NA	NA	NA	NA	2.17597601084638	NA	2.77499755206776	NA
gene8442	-1.95575720714259	NA	NA	NA	NA	2.95862492242534	2.61422396980211	NA	NA	NA	-1.87716318719954	-1.59800287751356	NA	NA	NA
gene8443	NA	NA	NA	NA	-2.03125972388814	NA	NA	NA	NA	NA	NA	NA	NA	NA	NA
gene8446	NA	NA	NA	NA	NA	NA	-3.47450662338073	NA	NA	NA	NA	NA	NA	NA	NA
gene8457	NA	NA	NA	5.3790650424686	NA	NA	NA	NA	NA	NA	NA	NA	NA	NA	NA
gene8471	NA	NA	-7.11772940839801	NA	NA	NA	NA	NA	NA	NA	NA	NA	NA	NA	NA
gene8477	NA	NA	NA	NA	NA	NA	NA	NA	NA	NA	-2.25611854773809	NA	-2.57107340671205	NA	NA
gene8506	3.10945182037703	NA	NA	2.18624093061504	NA	-3.70169106045504	-3.74679918800985	NA	NA	NA	2.77848017069305	NA	2.82358829824786	NA	NA
gene854	NA	NA	NA	-2.72166224293148	NA	NA	NA	NA	NA	NA	-2.43429372161952	NA	NA	NA	NA
gene8547	NA	NA	NA	NA	NA	NA	NA	-2.16938845629009	NA	NA	-1.9544280052609	NA	NA	NA	NA
gene8592	NA	NA	NA	NA	NA	-8.09236842052831	NA	NA	NA	NA	NA	NA	NA	NA	NA
gene860	NA	NA	NA	NA	2.1263299236253	NA	NA	NA	NA	NA	NA	NA	1.78582526840475	2.19528827479887	NA
gene8627	NA	NA	NA	-2.68379288376608	-2.62976637092952	NA	NA	-1.8058104606422	-1.75178394780564	NA	-1.61877314881771	-1.56474663598115	-1.83753064344446	-1.7835041306079	NA
gene8669	NA	NA	NA	-2.83762385049403	NA	NA	NA	-2.74488609194635	NA	NA	-3.06427767706551	NA	-2.81529316297257	NA	NA
gene8680	NA	NA	NA	NA	NA	NA	NA	NA	NA	NA	NA	NA	1.43734976426934	NA	NA
gene8695	NA	NA	NA	NA	NA	NA	NA	NA	NA	NA	NA	1.39538738396142	NA	NA	NA
gene8705	NA	NA	NA	NA	-1.41255362744315	NA	NA	NA	NA	NA	NA	NA	NA	NA	NA
gene8814	NA	NA	NA	-2.40449505616268	NA	NA	NA	-1.91314504200348	NA	NA	-2.40280777717261	-1.34654468297677	-2.35193862919624	NA	NA
gene8856	NA	NA	NA	NA	NA	-3.475937690897	NA	NA	NA	NA	NA	NA	NA	NA	NA
gene891	NA	NA	NA	NA	NA	NA	NA	-3.91854851802635	NA	NA	NA	NA	NA	NA	NA
gene8971	NA	NA	NA	NA	NA	NA	-8.61002868056549	-7.0510856870538	NA	NA	NA	NA	NA	NA	NA
gene898	-1.90242635165251	NA	NA	NA	NA	2.25731963149223	2.15210255485512	NA	NA	NA	NA	NA	NA	NA	NA
gene8987	NA	NA	NA	NA	NA	-7.1331746057385	NA	NA	NA	NA	NA	NA	NA	NA	NA
gene899	NA	5.28061494359487	NA	NA	NA	6.49096091152018	NA	NA	NA	NA	-4.29543601653343	NA	NA	NA	NA
gene903	NA	NA	NA	NA	NA	NA	NA	NA	NA	NA	NA	NA	1.92197780605378	NA	NA
gene9068	NA	NA	NA	NA	NA	2.5661660918413	NA	NA	NA	NA	NA	NA	NA	NA	NA
gene9092	NA	NA	NA	NA	NA	NA	NA	NA	NA	NA	-2.04207715356788	NA	NA	NA	NA
gene9096	NA	NA	NA	NA	NA	NA	NA	NA	NA	NA	NA	NA	-2.02429773798188	NA	NA
gene910	NA	NA	NA	NA	NA	NA	NA	-3.06460757406958	NA	NA	NA	NA	-2.57877831711474	NA	NA
gene9127	-2.03143418791177	NA	NA	NA	NA	2.58181770248571	1.98085435153986	NA	NA	NA	NA	NA	NA	NA	NA
gene913	NA	NA	NA	-2.90556984596155	NA	NA	NA	-2.97239269767526	NA	NA	-3.21796507524197	-1.93494166045407	-2.50157028430199	NA	NA
gene9130	-2.485837245982	NA	NA	NA	NA	NA	NA	NA	NA	NA	NA	NA	NA	NA	NA
gene9138	NA	NA	NA	NA	NA	NA	NA	NA	NA	NA	5.51706101375404	NA	NA	NA	NA
gene9177	NA	NA	NA	NA	0.855805135946909	NA	NA	NA	NA	NA	NA	NA	NA	NA	NA
gene9228	NA	NA	NA	NA	NA	-3.97768263781151	NA	NA	NA	NA	2.83274366441586	NA	NA	NA	NA
gene9263	NA	NA	5.92335821442305	9.35261651866859	4.08973980499851	NA	NA	NA	NA	NA	5.83794160057373	NA	NA	NA	NA
gene9330	NA	NA	NA	NA	NA	NA	NA	NA	NA	NA	NA	NA	-1.61206460170678	NA	NA
gene9333	NA	NA	NA	NA	NA	NA	NA	NA	NA	NA	NA	NA	3.64007305485796	4.36541842076441	NA
gene9347	NA	NA	NA	NA	NA	NA	NA	NA	NA	NA	6.54000772162917	NA	NA	NA	NA
gene9433	NA	NA	NA	NA	NA	NA	NA	NA	NA	NA	-1.1390534003686	-0.894046702861505	-1.28621885529779	NA	NA
gene9436	1.99343191294142	NA	NA	NA	3.14340362947719	NA	NA	NA	NA	NA	NA	2.678741573808	NA	NA	NA
gene944	NA	NA	NA	-1.91932232407994	NA	NA	NA	NA	NA	NA	NA	NA	NA	NA	NA
gene9440	NA	NA	NA	3.21636562826471	NA	NA	NA	NA	NA	NA	NA	NA	NA	NA	NA
gene9468	NA	NA	NA	-3.15834329391206	NA	NA	NA	-3.23376712371812	NA	NA	-3.53531111343186	-2.13826064491752	NA	NA	NA
gene9480	NA	NA	NA	NA	NA	NA	NA	-4.24626698699545	NA	NA	-3.05182353395305	NA	-2.89389216715939	NA	NA
gene9487	NA	NA	-5.70121493467446	NA	NA	NA	NA	NA	NA	NA	NA	NA	NA	NA	NA
gene9497	NA	NA	NA	-3.28370400897376	NA	NA	NA	-4.75766620352775	NA	NA	-2.75412160839614	NA	-3.4606816802592	NA	NA
gene95	NA	NA	NA	NA	NA	NA	NA	NA	NA	NA	1.46515932703831	1.11513185182395	1.53797461886047	NA	NA
gene951	NA	NA	NA	-2.51157139618201	NA	NA	NA	-1.88804603169936	NA	NA	-2.45906508636608	NA	-3.18172101017434	NA	NA
gene9592	NA	NA	NA	NA	NA	NA	NA	1.16029666995219	NA	NA	NA	NA	NA	NA	NA
gene960	NA	NA	NA	3.41516346438159	NA	NA	NA	NA	NA	NA	5.08997299452919	NA	3.69904088944311	NA	NA
gene9641	NA	NA	NA	NA	NA	NA	NA	-2.05881621772261	NA	NA	NA	NA	-1.90869683824898	NA	NA
gene969	NA	NA	NA	NA	NA	NA	NA	NA	NA	NA	3.70319053637133	NA	NA	NA	NA
gene9691	NA	NA	NA	NA	NA	NA	NA	NA	NA	NA	NA	NA	2.59292242608675	NA	NA
gene9713	NA	NA	NA	NA	NA	NA	NA	NA	NA	NA	2.79082455117691	NA	NA	NA	NA
gene9732	NA	NA	NA	NA	NA	4.03705594165854	3.97202633340192	2.53698433257112	NA	NA	NA	NA	NA	NA	NA
gene975	NA	NA	NA	5.33545646316702	NA	NA	NA	NA	NA	NA	NA	NA	NA	NA	NA
gene9751	NA	NA	NA	-4.82545182923839	-3.32442966259485	NA	NA	-4.82856984133122	NA	NA	-4.21313912607296	NA	-5.2983444826168	NA	NA
gene976	NA	NA	NA	NA	NA	NA	NA	NA	NA	NA	2.59514017973773	NA	NA	NA	NA
gene9767	NA	NA	NA	NA	-3.45307990086106	NA	NA	NA	NA	NA	NA	NA	NA	NA	NA
gene9775	NA	NA	NA	-2.37643448858317	NA	NA	NA	NA	NA	NA	NA	NA	-3.32271985171608	NA	NA
gene9818	1.29953603710525	NA	NA	1.05986692803637	NA	-1.26605854451738	-1.2712815745631	NA	NA	NA	1.0263894354485	NA	1.03161246549422	NA	NA
gene9819	NA	NA	NA	NA	NA	NA	NA	NA	NA	NA	NA	NA	2.68523885193806	NA	NA
gene9827	NA	NA	NA	NA	NA	NA	NA	NA	NA	NA	-2.95333055361741	NA	NA	NA	NA
gene9855	NA	NA	NA	NA	NA	-6.28967042692397	NA	NA	NA	NA	NA	NA	NA	NA	NA
gene9881	NA	NA	NA	NA	NA	-4.68030471591893	NA	NA	NA	NA	3.43039194909842	NA	NA	NA	NA
gene9932	1.68930871010229	NA	NA	1.79720724640477	1.72123740715657	NA	NA	NA	NA	NA	NA	NA	NA	NA	NA
